Identificador de la publicación,Identificador de la página,Nombre de la página,Título,Descripción,Duración (segundos),Hora de publicación,Tipo de subtítulo,Enlace permanente,Es una publicación cruzada,Es una publicación compartida,Tipo de publicación,Idiomas,Etiquetas personalizadas,Estado de contenido financiado,Comentario sobre los datos,Fecha,Visualizaciones,Alcance,"Reacciones, comentarios y veces que se compartió",Reacciones,Comentarios,Veces que se compartió,Total de clics,Clics de otro tipo,Consumo de segmentación del público coincidente (Photo Click),Ingresos aproximados por monetización de contenido,Visualizaciones de Publicaciones orgánicas,Visualizaciones de Publicaciones promocionadas,Alcance de Publicaciones orgánicas,Alcance de Publicaciones promocionadas,Reproducciones de video de 3 segundos,Reproducciones de video de 1 minuto,Espectadores de 3 segundos,Espectadores de 1 minuto,Reproducciones de video de 3 segundos de Publicaciones promocionadas,Reproducciones de video de 3 segundos de Publicaciones orgánicas,Reproducciones de video de 1 minuto de Recomendaciones,Reproducciones de video de 1 minuto de Contenido compartido,Reproducciones de video de 1 minuto de Seguidores,Reproducciones de video de 1 minuto de Publicaciones promocionadas,Segundos reproducidos en Recomendaciones,Segundos reproducidos en Contenido compartido,Segundos reproducidos en Seguidores,Segundos reproducidos en Publicaciones promocionadas,Segundos en promedio producidos en Recomendaciones,Segundos en promedio producidos en Contenido compartido,Segundos en promedio producidos en Seguidores,Segundos en promedio producidos en Publicaciones promocionadas,Ingresos por estrellas estimados (USD),Comentarios negativos de los usuarios,Comentarios negativos únicos de los usuarios,Segundos reproducidos,Segundos en promedio reproducidos,Porcentaje del total de reproducciones en el intervalo 0,Porcentaje del total de reproducciones en el intervalo 1,Porcentaje del total de reproducciones en el intervalo 2,Porcentaje del total de reproducciones en el intervalo 3,Porcentaje del total de reproducciones en el intervalo 4,Porcentaje del total de reproducciones en el intervalo 5,Porcentaje del total de reproducciones en el intervalo 6,Porcentaje del total de reproducciones en el intervalo 7,Porcentaje del total de reproducciones en el intervalo 8,Porcentaje del total de reproducciones en el intervalo 9,Porcentaje del total de reproducciones en el intervalo 10,Porcentaje del total de reproducciones en el intervalo 11,Porcentaje del total de reproducciones en el intervalo 12,Porcentaje del total de reproducciones en el intervalo 13,Porcentaje del total de reproducciones en el intervalo 14,Porcentaje del total de reproducciones en el intervalo 15,Porcentaje del total de reproducciones en el intervalo 16,Porcentaje del total de reproducciones en el intervalo 17,Porcentaje del total de reproducciones en el intervalo 18,Porcentaje del total de reproducciones en el intervalo 19,Porcentaje del total de reproducciones en el intervalo 20,Porcentaje del total de reproducciones en el intervalo 21,Porcentaje del total de reproducciones en el intervalo 22,Porcentaje del total de reproducciones en el intervalo 23,Porcentaje del total de reproducciones en el intervalo 24,Porcentaje del total de reproducciones en el intervalo 25,Porcentaje del total de reproducciones en el intervalo 26,Porcentaje del total de reproducciones en el intervalo 27,Porcentaje del total de reproducciones en el intervalo 28,Porcentaje del total de reproducciones en el intervalo 29,Porcentaje del total de reproducciones en el intervalo 30,Porcentaje del total de reproducciones en el intervalo 31,Porcentaje del total de reproducciones en el intervalo 32,Porcentaje del total de reproducciones en el intervalo 33,Porcentaje del total de reproducciones en el intervalo 34,Porcentaje del total de reproducciones en el intervalo 35,Porcentaje del total de reproducciones en el intervalo 36,Porcentaje del total de reproducciones en el intervalo 37,Porcentaje del total de reproducciones en el intervalo 38,Porcentaje del total de reproducciones en el intervalo 39,Porcentaje del total de reproducciones en el intervalo 40,Porcentaje de reproducciones de 15 segundos en el intervalo 0,Porcentaje de reproducciones de 15 segundos en el intervalo 1,Porcentaje de reproducciones de 15 segundos en el intervalo 2,Porcentaje de reproducciones de 15 segundos en el intervalo 3,Porcentaje de reproducciones de 15 segundos en el intervalo 4,Porcentaje de reproducciones de 15 segundos en el intervalo 5,Porcentaje de reproducciones de 15 segundos en el intervalo 6,Porcentaje de reproducciones de 15 segundos en el intervalo 7,Porcentaje de reproducciones de 15 segundos en el intervalo 8,Porcentaje de reproducciones de 15 segundos en el intervalo 9,Porcentaje de reproducciones de 15 segundos en el intervalo 10,Porcentaje de reproducciones de 15 segundos en el intervalo 11,Porcentaje de reproducciones de 15 segundos en el intervalo 12,Porcentaje de reproducciones de 15 segundos en el intervalo 13,Porcentaje de reproducciones de 15 segundos en el intervalo 14,Porcentaje de reproducciones de 15 segundos en el intervalo 15,Porcentaje de reproducciones de 15 segundos en el intervalo 16,Porcentaje de reproducciones de 15 segundos en el intervalo 17,Porcentaje de reproducciones de 15 segundos en el intervalo 18,Porcentaje de reproducciones de 15 segundos en el intervalo 19,Porcentaje de reproducciones de 15 segundos en el intervalo 20,Porcentaje de reproducciones de 15 segundos en el intervalo 21,Porcentaje de reproducciones de 15 segundos en el intervalo 22,Porcentaje de reproducciones de 15 segundos en el intervalo 23,Porcentaje de reproducciones de 15 segundos en el intervalo 24,Porcentaje de reproducciones de 15 segundos en el intervalo 25,Porcentaje de reproducciones de 15 segundos en el intervalo 26,Porcentaje de reproducciones de 15 segundos en el intervalo 27,Porcentaje de reproducciones de 15 segundos en el intervalo 28,Porcentaje de reproducciones de 15 segundos en el intervalo 29,Porcentaje de reproducciones de 15 segundos en el intervalo 30,Porcentaje de reproducciones de 15 segundos en el intervalo 31,Porcentaje de reproducciones de 15 segundos en el intervalo 32,Porcentaje de reproducciones de 15 segundos en el intervalo 33,Porcentaje de reproducciones de 15 segundos en el intervalo 34,Porcentaje de reproducciones de 15 segundos en el intervalo 35,Porcentaje de reproducciones de 15 segundos en el intervalo 36,Porcentaje de reproducciones de 15 segundos en el intervalo 37,Porcentaje de reproducciones de 15 segundos en el intervalo 38,Porcentaje de reproducciones de 15 segundos en el intervalo 39,Porcentaje de reproducciones de 15 segundos en el intervalo 40,"Reproducciones de video de 3 segundos por público destacado (M, 45-54)","Reproducciones de video de 3 segundos por público destacado (M, 35-44)","Reproducciones de video de 3 segundos por público destacado (F, 35-44)","Reproducciones de video de 3 segundos por público destacado (F, 45-54)","Reproducciones de video de 3 segundos por público destacado (M, 25-34)","Reproducciones de video de 3 segundos por público destacado (F, 25-34)","Reproducciones de video de 3 segundos por público destacado (M, 55-64)","Reproducciones de video de 3 segundos por público destacado (F, 18-24)","Reproducciones de video de 3 segundos por público destacado (F, 55-64)","Reproducciones de video de 3 segundos por público destacado (M, 18-24)","Reproducciones de video de 3 segundos por público destacado (M, 65+)","Reproducciones de video de 3 segundos por público destacado (F, 65+)",Reproducciones de video de 3 segundos por país (Mexico (MX)),Reproducciones de video de 3 segundos por país (United States (US)),Reproducciones de video de 3 segundos por país (Peru (PE)),Reproducciones de video de 3 segundos por país (Colombia (CO)),Reproducciones de video de 3 segundos por país (Argentina (AR)),Reproducciones de video de 3 segundos por país (Spain (ES)),Reproducciones de video de 3 segundos por país (Chile (CL)),Reproducciones de video de 3 segundos por país (Ecuador (EC)),Reproducciones de video de 3 segundos por país (Bolivia (BO)),Reproducciones de video de 3 segundos por país (Guatemala (GT)),Reproducciones de video de 3 segundos por país (Brazil (BR)),Reproducciones de video de 3 segundos por país (Kenya (KE)),Reproducciones de video de 3 segundos por país (Poland (PL)),Reproducciones de video de 3 segundos por país (Germany (DE)),Reproducciones de video de 3 segundos por país (Honduras (HN)),Reproducciones de video de 3 segundos por país (Dominican Republic (DO)),Reproducciones de video de 3 segundos por país (Bermuda (BM)),Reproducciones de video de 3 segundos por país (Costa Rica (CR)),Reproducciones de video de 3 segundos por país (El Salvador (SV)),Reproducciones de video de 3 segundos por país (Philippines (PH)),Reproducciones de video de 3 segundos por país (Venezuela (VE)),Reproducciones de video de 3 segundos por país (Sweden (SE)),Reproducciones de video de 3 segundos por país (Puerto Rico (PR)),Reproducciones de video de 3 segundos por país (Indonesia (ID)),Reproducciones de video de 3 segundos por país (Japan (JP)),Reproducciones de video de 3 segundos por país (United Kingdom (GB)),Reproducciones de video de 3 segundos por país (France (FR)),Reproducciones de video de 3 segundos por país (Uruguay (UY)),Reproducciones de video de 3 segundos por país (Nicaragua (NI)),Reproducciones de video de 3 segundos por país (Italy (IT)),Reproducciones de video de 3 segundos por país (Canada (CA)),Reproducciones de video de 3 segundos por país (Pakistan (PK)),Reproducciones de video de 3 segundos por país (Singapore (SG)),Reproducciones de video de 3 segundos por país (Nigeria (NG)),Reproducciones de video de 3 segundos por país (Switzerland (CH)),Reproducciones de video de 3 segundos por país (Czech Republic (CZ)),Reproducciones de video de 3 segundos por país (Madagascar (MG)),Reproducciones de video de 3 segundos por país (Romania (RO)),Reproducciones de video de 3 segundos por país (Barbados (BB)),Reproducciones de video de 3 segundos por país (Trinidad and Tobago (TT)),Reproducciones de video de 3 segundos por país (Hungary (HU)),Reproducciones de video de 3 segundos por país (Australia (AU)),Reproducciones de video de 3 segundos por país (Ukraine (UA)),Reproducciones de video de 3 segundos por país (Norway (NO)),Reproducciones de video de 3 segundos por país (India (IN)),Reproducciones de video de 3 segundos por país (Netherlands (NL)),Reproducciones de video de 3 segundos por país (Belgium (BE)),Reproducciones de video de 3 segundos por país (Panama (PA)),Reproducciones de video de 3 segundos por país (Thailand (TH)),Reproducciones de video de 3 segundos por país (Paraguay (PY)),Reproducciones de video de 3 segundos por país (New Zealand (NZ)),Reproducciones de video de 3 segundos por país (Greece (GR)),Reproducciones de video de 3 segundos por país (Austria (AT)),Reproducciones de video de 3 segundos por país (Portugal (PT)),Reproducciones de video de 3 segundos por país (Malaysia (MY)),Reproducciones de video de 3 segundos por país (Sierra Leone (SL)),Reproducciones de video de 3 segundos por país (Mauritius (MU)),Reproducciones de video de 3 segundos por país (Montenegro (ME)),Reproducciones de video de 3 segundos por país (South Africa (ZA)),Espectadores recurrentes,Reproducciones de video de 1 minuto de espectadores recurrentes,Segundos reproducidos por espectadores recurrentes,Segundos en promedio reproducidos por espectadores recurrentes,Clics en el enlace,Reproducciones de video de 3 segundos por país (Turkey (TR)),Reproducciones de video de 3 segundos por país (Ireland (IE)),Reproducciones de video de 3 segundos por país (Cambodia (KH)),Reproducciones de video de 3 segundos por país (Myanmar (MM)),Reproducciones de video de 3 segundos por país (Belize (BZ)),Reproducciones de video de 3 segundos por país (South Korea (KR)),Reproducciones de video de 3 segundos por país (Lithuania (LT)),Reproducciones de video de 3 segundos por país (Mozambique (MZ)),Reproducciones de video de 3 segundos por país (Central African Republic (CF)),Reproducciones de video de 3 segundos por país (Slovakia (SK)),Reproducciones de video de 3 segundos por país (Vietnam (VN)),Reproducciones de video de 3 segundos por país (China (CN)),Reproducciones de video de 3 segundos por país (Iraq (IQ)),Reproducciones de video de 3 segundos por país (Croatia (HR)),Reproducciones de video de 3 segundos por país (Cuba (CU)),Reproducciones de video de 3 segundos por país (Kosovo (XK)),Reproducciones de video de 3 segundos por país (United Arab Emirates (AE)),Reproducciones de video de 3 segundos por país (The Bahamas (BS)),Reproducciones de video de 3 segundos por país (Bangladesh (BD)),Reproducciones de video de 3 segundos por país (Moldova (MD)),Reproducciones de video de 3 segundos por país (Algeria (DZ)),Reproducciones de video de 3 segundos por país (Ghana (GH)),Reproducciones de video de 3 segundos por país (Bulgaria (BG)),Reproducciones de video de 3 segundos por país (Finland (FI)),Reproducciones de video de 3 segundos por país (Denmark (DK)),Reproducciones de video de 3 segundos por país (Belarus (BY)),Reproducciones de video de 3 segundos por país (Slovenia (SI)),Reproducciones de video de 3 segundos por país (Hong Kong (HK)),Reproducciones de video de 3 segundos por país (Morocco (MA)),Reproducciones de video de 3 segundos por país (Israel (IL)),Reproducciones de video de 3 segundos por país (Guyana (GY)),Reproducciones de video de 3 segundos por país (Senegal (SN)),Reproducciones de video de 3 segundos por país (Latvia (LV)),Reproducciones de video de 3 segundos por país (Estonia (EE)),Reproducciones de video de 3 segundos por país (Niger (NE)),Reproducciones de video de 3 segundos por país (Serbia (RS)),Reproducciones de video de 3 segundos por país (Sri Lanka (LK)),Reproducciones de video de 3 segundos por país (Zambia (ZM)),Ingresos estimados (USD),Reproducciones de video de 3 segundos por país (Andorra (AD)),Reproducciones de video de 3 segundos por país (Iceland (IS)),Reproducciones de video de 3 segundos por país (Yemen (YE)),Reproducciones de video de 3 segundos por país (North Macedonia (MK)),Reproducciones de video de 3 segundos por país (Egypt (EG)),Reproducciones de video de 3 segundos por país (Kazakhstan (KZ)),Reproducciones de video de 3 segundos por país (Taiwan (TW)),Reproducciones de video de 3 segundos por país (Aruba (AW)),Reproducciones de video de 3 segundos por país (Luxembourg (LU)),Reproducciones de video de 3 segundos por país (Syria (SY)),Reproducciones de video de 3 segundos por país (Ethiopia (ET)),Reproducciones de video de 3 segundos por país (Jamaica (JM)),Reproducciones de video de 3 segundos por país (Guernsey (GG)),Reproducciones de video de 3 segundos por país (Oman (OM)),Reproducciones de video de 3 segundos por país (Turks and Caicos Islands (TC)),Reproducciones de video de 3 segundos por país (Haiti (HT)),Reproducciones de video de 3 segundos por país (Armenia (AM)),Reproducciones de video de 3 segundos por país (Jordan (JO)),Reproducciones de video de 3 segundos por país (Saudi Arabia (SA)),Reproducciones de video de 3 segundos por país (Bosnia and Herzegovina (BA)),Reproducciones de video de 3 segundos por país (Tunisia (TN)),Reproducciones de video de 3 segundos por país (Tajikistan (TJ)),Reproducciones de video de 3 segundos por país (Nepal (NP)),Reproducciones de video de 3 segundos por país (Martinique (MQ)),Reproducciones de video de 3 segundos por país (Georgia (GE)),Reproducciones de video de 3 segundos por país (Brunei (BN)),Reproducciones de video de 3 segundos por país (Malawi (MW)),Reproducciones de video de 3 segundos por país (Sint Maarten (SX)),Comentarios negativos de los usuarios: Ocultar todo,Comentarios negativos únicos de los usuarios: Ocultar todo,Reproducciones de video de 3 segundos por país (Burkina Faso (BF)),Reproducciones de video de 3 segundos por país (Mayotte (YT)),Reproducciones de video de 3 segundos por país (Equatorial Guinea (GQ)),Reproducciones de video de 3 segundos por país (Côte d'Ivoire (CI)),Reproducciones de video de 3 segundos por país (Russia (RU)),Reproducciones de video de 3 segundos por país (Lebanon (LB)),Reproducciones de video de 3 segundos por país (Palestine (PS)),Reproducciones de video de 3 segundos por país (Libya (LY)),Reproducciones de video de 3 segundos por país (Bahrain (BH)),Reproducciones de video de 3 segundos por país (Kuwait (KW)),Reproducciones de video de 3 segundos por país (Suriname (SR)),Reproducciones de video de 3 segundos por país (Afghanistan (AF)),Reproducciones de video de 3 segundos por país (Sudan (SD)),Reproducciones de video de 3 segundos por país (Uganda (UG)),Reproducciones de video de 3 segundos por país (Botswana (BW)),Reproducciones de video de 3 segundos por país (Mongolia (MN)),Reproducciones de video de 3 segundos por país (French Guiana (GF)),Reproducciones de video de 3 segundos por país (Macau (MO)),Reproducciones de video de 3 segundos por país (Iran (IR)),Reproducciones de video de 3 segundos por país (Uzbekistan (UZ)),Reproducciones de video de 3 segundos por país (Malta (MT)),Reproducciones de video de 3 segundos por país (Kyrgyzstan (KG)),Reproducciones de video de 3 segundos por país (Jersey (JE)),Reproducciones de video de 3 segundos por país (Chad (TD)),Comentarios negativos de los usuarios: Ocultar,Comentarios negativos únicos de los usuarios: Ocultar,Reproducciones de video de 3 segundos por país (Réunion (RE)),Reproducciones de video de 3 segundos por país (Guam (GU)),Reproducciones de video de 3 segundos por país (Cayman Islands (KY)),Reproducciones de video de 3 segundos por país (Albania (AL)),Reproducciones de video de 3 segundos por país (Tanzania (TZ)),Reproducciones de video de 3 segundos por país (Burundi (BI)),Reproducciones de video de 3 segundos por país (Fiji (FJ)),"Reproducciones de video de 3 segundos por país (Bonaire, Sint Eustatius and Saba (BQ))",Reproducciones de video de 3 segundos por país (Papua New Guinea (PG)),Reproducciones de video de 3 segundos por país (Saint Pierre and Miquelon (PM))
1430953675493171,100057356563301,Sonido Los Puercos del Rock,¡Los Puercos Del Rock desde Frontón el Puente! 🤘🏽🐽🎸,"¡Los Puercos Del Rock desde Frontón el Puente! 🤘🏽🐷🎸

WhatsApp Directo🐽: https://wa.me/5565275311 

#rocknroll #rock #rockandroll #SONIDEROS #lospuercosdelrock",20,01/15/2026 17:59,N/A,https://www.facebook.com/reel/1672479884135964/,0,0,Videos,,,,,Total,49033,39920,2086,1976,16,94,700,700,,1.84,49005,0,39920,0,23166,0,22964,0,0,23166,0,0,0,0,243842.004,10465.126,91991.429,0,8.761,6.783,9.296,0,0,2,2,346298.559,8.817,0.99,0.99,0.99,0.99,0.89,0.78,0.68,0.61,0.54,0.49,0.45,0.41,0.38,0.35,0.32,0.3,0.29,0.28,0.26,0.25,0.23,,,,,,,,,,,,,,,,,,,,,1,1,1,1,1,1,1,1,1,1,1,1,1,1,1,1,0.98,0.94,0.89,0.85,0.8,,,,,,,,,,,,,,,,,,,,,4881,5370,2348,1560,3598,1662,1303,527,324,789,257,130,20331,2586,37,30,25,16,9,18,10,18,11,,,3,2,2,1,1,5,,1,1,1,,,1,5,1,1,5,17,,,,2,,,,2,,1,,,1,2,,4,1,2,1,,,,1,1,,,,,,,,,,,,,,1,,,,,,,,,,2,,,,,,,,1,1,1,,,,,,,,,,,1,,,0,,,,,2,,,,,,,,,1,,,,,,,,,,,,,,,,,,,,,,,,,,,,,,,,,,,,,,,,,,,,,,,,,,,,
1431073182147887,100057356563301,Sonido Los Puercos del Rock,Los esperamos! 😎✌🏽,,0,01/15/2026 21:21,N/A,https://www.facebook.com/permalink.php?story_fbid=pfbid02T3ETZ2xWtb7YhNcZW63yJx9vBv1MtnsxeVSsuhxQByUfUsVAPsU3BdhFBo6MDqkXl&id=100057356563301,0,1,Texto,,,,,Total,1234,773,10,7,3,0,8,8,,0,1234,0,773,0,0,0,0,0,0,0,0,0,0,0,0,0,0,0,0,0,0,0,0,0,0,,,,,,,,,,,,,,,,,,,,,,,,,,,,,,,,,,,,,,,,,,,,,,,,,,,,,,,,,,,,,,,,,,,,,,,,,,,,,,,,,,,,,,,,,,,,,,,,,,,,,,,,,,,,,,,,,,,,,,,,,,,,,,,,,,,,,,,,,,,,,,,,,,,,,,,,,,,,,,,,,,,,,,,,,,,,,,,,,,,,,,,,,,,,,,,,,,,,,,,,,,,,,,,,,,,,,,,,,,,,,,,,,,,,,,,,,,,,,,,,,,,,,,,,,,,,,,,,,,,,,,,,,
1431088425479696,100057356563301,Sonido Los Puercos del Rock,Épaleeee! ✌🏽🐽,,0,01/15/2026 21:47,N/A,https://www.facebook.com/permalink.php?story_fbid=pfbid02jWiFiB8jCHg4DaAWNhvgC4Zswt9k4SoEq9MJNjHqurDzqUwwGd2ZyFKH9Rs4ZwH4l&id=100057356563301,0,1,Texto,,,,,Total,593,940,20,20,0,0,35,35,,0,593,0,940,0,173,0,170,0,0,173,0,0,0,0,0,1398.339,506.892,0,,,,,0,0,0,,,,,,,,,,,,,,,,,,,,,,,,,,,,,,,,,,,,,,,,,,,,,,,,,,,,,,,,,,,,,,,,,,,,,,,,,,,,,,,,,,,,,31,31,31,18,20,22,2,4,2,6,2,,169,2,1,,,,,,,,,,,,,,,,,,,,,,,,1,,,,,,,,,,,,,,,,,,,,,,,,,,,,,,,,,,,,,,,,,,,,,,,,,,,,,,,,,,,,,,,,,,,,,,,,,,,,,,,,,,,,,,,,,,,,,,,,,,,,,,,,,,,,,,,,,,,,,,,,,,,,,,,,,,,,,,,,,,,,,,
1431516552103550,100057356563301,Sonido Los Puercos del Rock,✌🏽🐽,,0,01/16/2026 09:47,N/A,https://www.facebook.com/permalink.php?story_fbid=pfbid02VFfSJ8tNp9LXWCjKVjHV9jAgBUELBmzcQzk3ruhWN49hbkGrGCiWS3cRnPSCzERzl&id=100057356563301,0,1,Texto,,,,,Total,2426,2917,158,157,1,0,273,273,,0,2426,0,2917,0,1464,0,1444,0,0,1464,0,0,0,0,0,17869.249,14920.005,0,,,,,0,0,0,,,,,,,,,,,,,,,,,,,,,,,,,,,,,,,,,,,,,,,,,,,,,,,,,,,,,,,,,,,,,,,,,,,,,,,,,,,,,,,,,,,,,247,276,220,159,221,163,47,33,24,45,13,8,1387,59,4,3,2,2,,2,,2,1,,,,,,,,1,,,,,,,,1,,,,,,,,,,,,,,,,,,,,,,,,,,,,,,,,,,,,,,,,,,,,,,,,,,,,,,,,,,,,,,,,,,,,,,,,,,,,,,,,,,,,,,,,,,,,,,,,,,,,,,,,,,,,,,,,,,,,,,,,,,,,,,,,,,,,,,,,,,,,,,
1431547902100415,100057356563301,Sonido Los Puercos del Rock,"Oink toca 🤘🏽🐽🎸

#rocknroll #rock #rockandroll #SONIDEROS #lospuercosdelrock",,0,01/16/2026 10:43,N/A,https://www.facebook.com/permalink.php?story_fbid=pfbid031Tq9SyVbQuWm2UCJHNbjtWD2kf393gVSvbjobzeLeihkbYthzPhmyojFmDn8vL8Bl&id=100057356563301,0,0,Fotos,,,,,Total,4625,2434,61,38,1,22,133,31,102,0.01,4625,0,2434,0,0,0,0,0,0,0,0,0,0,0,0,0,0,0,0,0,0,0,0,0,0,,,,,,,,,,,,,,,,,,,,,,,,,,,,,,,,,,,,,,,,,,,,,,,,,,,,,,,,,,,,,,,,,,,,,,,,,,,,,,,,,,,,,,,,,,,,,,,,,,,,,,,,,,,,,,,,,,,,,,,,,,,,,,,,,,,,,,,,,,,,,,,,,,,,,,,,,,,,,,,,,,,,,,,,,,,,,,,,,,,,,,,,,,,,,,,,,,,,,,,,,,,,,,,,,,,,,,,,,,,,,,,,,,,,,,,,,,,,,,,,,,,,,,,,,,,,,,,,,,,,,,,,,
1431759582079247,100057356563301,Sonido Los Puercos del Rock,"Los Puercos Del Rock desde Valle de Chalco ✌🏽🐽😎

WhatsApp Directo🐽: https://wa.me/5565275311 

#rocknroll #rock #rockandroll #SONIDEROS #lospuercosdelrock","Los Puercos Del Rock desde Valle de Chalco ✌🏽🐽😎

WhatsApp Directo🐽: https://wa.me/5565275311 

#rocknroll #rock #rockandroll #SONIDEROS #lospuercosdelrock",33,01/16/2026 18:20,mixed,https://www.facebook.com/reel/1448706266879643/,0,0,Videos,,,,,Total,24491,20717,833,747,12,74,640,631,,0.74,24458,0,20717,0,9571,0,9131,0,0,9571,0,0,0,0,128514.526,5156.958,65932.753,0,9.138,7.036,10.15,0,0,1,1,199604.237,9.373,0.98,0.99,0.99,0.99,0.89,0.8,0.74,0.69,0.65,0.61,0.58,0.53,0.5,0.47,0.45,0.43,0.41,0.39,0.38,0.36,0.34,0.32,0.3,0.29,0.28,0.27,0.26,0.26,0.25,0.24,0.24,0.23,0.22,0.2,0.19,0.19,0.18,,,,,0.99,0.99,0.99,0.99,0.99,0.99,1,1,1,1,1,1,1,1,1,1,1,0.97,0.94,0.9,0.85,0.8,0.76,0.73,0.71,0.69,0.67,0.65,0.63,0.61,0.6,0.59,0.57,0.55,0.53,0.51,0.48,,,,,2131,2274,1048,694,1317,692,500,209,156,269,101,57,8453,1025,14,6,15,5,4,8,1,6,6,,,,,,1,2,2,,,1,,,1,,2,,1,1,4,,,,,,,,,,1,,,1,2,,,,,,,,,,1,,,,,,,,,9,,,,,,,,,,1,,,,,,,,,,,2,,,1,,,,,,,,,,,,1,1,,0,,,,,,,,,,,,,,,,,,,,,2,,,,,,,,,,,,,,,,,,,,,,,,,,,,,,,,,,,,,,,,,,,,,
1431767895411749,100057356563301,Sonido Los Puercos del Rock,"Nothing Comes Easy | Status Quo, Part. 2 🤘🏽🎸","Nothing Comes Easy | Status Quo, Part. 2 🤘🏽🎸

Info.🐽 https://wa.me/5565275311 

#rocknroll #rock #rockandroll #SONIDEROS #lospuercosdelrock",57,01/16/2026 18:36,mixed,https://www.facebook.com/reel/1183123877346037/,0,0,Videos,,,,,Total,86572,72285,3584,3288,46,250,1177,1171,,1.97,86492,0,72285,0,45720,0,44130,0,0,45720,0,0,0,0,875214.12,33399.034,176693.028,0,14.392,10.37,14.759,0,0,3,3,1085306.182,14.279,0.99,0.99,0.99,0.83,0.7,0.61,0.56,0.51,0.46,0.43,0.4,0.37,0.34,0.32,0.31,0.29,0.28,0.26,0.25,0.24,0.24,0.23,0.2,0.19,0.18,0.17,0.17,0.16,0.15,0.14,0.14,0.13,0.13,0.13,0.12,0.12,0.11,0.11,0.11,0.11,0.1,1,1,1,1,1,1,1,1,1,1,1,0.98,0.92,0.87,0.82,0.78,0.75,0.72,0.68,0.66,0.64,0.62,0.59,0.57,0.55,0.53,0.51,0.48,0.46,0.44,0.42,0.41,0.4,0.39,0.37,0.36,0.35,0.35,0.34,0.33,0.32,10684,10297,4234,3818,5938,2788,3280,792,1103,1167,603,318,37794,7389,64,46,55,29,24,40,17,42,22,,7,5,6,4,1,5,10,2,4,1,,7,,5,9,,3,6,50,,,6,3,2,,1,,,2,2,,,5,,3,,,,,,2,3,,,,,,,,,,6,,1,,,2,,,,,,,,,,,,,,7,2,2,,,,3,,,,,,,,,,,,,,0,,,,,,,,,2,,,,,,,,,,,,,,,,,,,,,,,,,,,,,,,,,,,,,,,,,,,,,,,,,,,,,,1,,,
1432385698683302,100057356563301,Sonido Los Puercos del Rock,🤘🏽🐷🎸,,0,01/17/2026 12:24,N/A,https://www.facebook.com/permalink.php?story_fbid=pfbid0ZHV1nWK7ivsPVh6rWuPKb6osaf5xte3ReNvv15a8esXCygYhZv5Am2cpw2LqcTw4l&id=100057356563301,0,1,Fotos,,,,,Total,7451,4075,147,123,12,12,266,150,116,0,7451,0,4075,0,0,0,0,0,0,0,0,0,0,0,0,0,0,0,0,0,0,0,0,0,0,,,,,,,,,,,,,,,,,,,,,,,,,,,,,,,,,,,,,,,,,,,,,,,,,,,,,,,,,,,,,,,,,,,,,,,,,,,,,,,,,,,,,,,,,,,,,,,,,,,,,,,,,,,,,,,,,,,,,,,,,,,,,,,,,,,,,,,,,,,,,,,,,,,,,,,,,,,,,,,,,,,,,,,,,,,,,,,,,,,,,,,,,,,,,,,,,,,,,,,,,,,,,,,,,,,,,,,,,,,,,,,,,,,,,,,,,,,,,,,,,,,,,,,,,,,,,,,,,,,,,,,,,
1432443478677524,100057356563301,Sonido Los Puercos del Rock,"Loading… 🤘🏽🎸

Valle de Chalco, allá nos vemos. 😎

#rocknroll #rock #rockandroll #SONIDEROS #lospuercosdelrock",,110,01/17/2026 14:37,mixed,https://www.facebook.com/permalink.php?story_fbid=pfbid027EtVMyvK5hbUD11dHE4f9cZX9gK1c7RA3zajFV6muR9zpM3xgRY4tgGzdZyX81qtl&id=100057356563301,0,0,Fotos,,,,,Total,2049,1753,17,13,0,4,65,30,35,0,2049,0,1753,0,0,90,553,88,0,0,0,0,0,0,1694.989,0,14620.253,0,4.657,0,9.741,0,0,0,0,,,,,,,,,,,,,,,,,,,,,,,,,,,,,,,,,,,,,,,,,,,,1,1,1,1,1,1,0.87,0.8,0.73,0.68,0.63,0.61,0.58,0.54,0.53,0.49,0.48,0.47,0.47,0.46,0.46,0.46,0.44,0.43,0.42,0.41,0.41,0.39,0.39,0.39,0.38,0.39,0.39,0.35,0.34,0.3,0.27,0.21,0.19,0.15,0.1,110,115,75,43,84,74,20,19,8,26,8,1,551,40,,,,1,,,,,,,,,,,,,,,,,,,,,,,,,,,,,,,,,,,,,,,,,,,,,,,,,,,,,,,,,,,,,,,,,,,,,,,,,,,,,,,,,,,,,,,,,,,,,,,,,,,,,,,,,,,,,,,,,,,,,,,,,,,,,,,,,,,,,,,,,,,,,,,,,,,,,,,,,,,,,,,,,,,
1432502122004993,100057356563301,Sonido Los Puercos del Rock,"Nos vemos en un ratoncito vaquero. 🐷🎸

Ubi. https://maps.app.goo.gl/KUGyoWwm9KjXvWJV7?g_st=ic",,0,01/17/2026 17:02,N/A,https://www.facebook.com/permalink.php?story_fbid=pfbid0ge4M28Jow95dpwFCR4KTfMkJNvsU94tkhKW9btGcCZd7dvX35PVpScLeJQiKhfGkl&id=100057356563301,0,0,Fotos,,,,,Total,6378,3714,36,21,3,12,237,46,189,0.02,6378,0,3714,0,0,0,0,0,0,0,0,0,0,0,0,0,0,0,0,0,0,0,0,0,0,,,,,,,,,,,,,,,,,,,,,,,,,,,,,,,,,,,,,,,,,,,,,,,,,,,,,,,,,,,,,,,,,,,,,,,,,,,,,,,,,,,,,,,,,,,,,,,,,,,,,,,,,,,,,,,,,,,,,,,,,,,,,,,,,,,,,,,,,,,,,,,,,,,,,,,,,,,,,,,,2,,,,,,,,,,,,,,,,,,,,,,,,,,,,,,,,,,,,,,,,,,,,,,,,,,,,,,,,,,,,,,,,,,,,,,,,,,,,,,,,,,,,,,,,,,,,,,,,,,,,,,,,,
1432509892004216,100057356563301,Sonido Los Puercos del Rock,Na Na Na - Cozy Powell 🤘🏽🐷🎸,"Na Na Na - Cozy Powell 🤘🏽🐷🎸

WhatsApp Directo🐽: https://wa.me/5565275311 

#rocknroll #rock #rockandroll #SONIDEROS #lospuercosdelrock",59,01/17/2026 18:00,mixed,https://www.facebook.com/reel/2090799721761659/,0,0,Videos,,,,,Total,28629,21407,1111,986,16,109,388,386,,0.48,28586,0,21407,0,14720,0,13425,0,0,14720,0,0,0,0,168888.045,33915.018,105364.273,0,11.796,10.652,13.106,0,0,2,2,308167.336,12.065,0.97,0.98,0.98,0.79,0.67,0.59,0.52,0.45,0.4,0.37,0.35,0.33,0.31,0.3,0.27,0.25,0.24,0.23,0.21,0.2,0.19,0.17,0.16,0.16,0.15,0.14,0.14,0.13,0.13,0.13,0.12,0.12,0.11,0.11,0.1,0.1,0.1,0.1,0.09,0.09,0.09,0.99,0.99,0.99,1,1,1,1,1,1,1,1,0.96,0.91,0.87,0.79,0.74,0.71,0.66,0.61,0.58,0.55,0.52,0.51,0.49,0.47,0.45,0.44,0.42,0.41,0.4,0.39,0.38,0.36,0.35,0.33,0.32,0.31,0.31,0.3,0.29,0.28,3604,3228,1610,1338,1792,957,892,235,285,300,178,106,13097,1408,28,22,16,25,17,16,10,15,7,,1,1,2,1,1,5,3,1,,1,,2,1,2,1,1,1,3,14,,,,2,,,,,,3,,,,,,2,,1,1,,,,,1,,,,,,,,,2,,,,,1,,,,,,1,,,,1,,,,,,,,1,1,1,,,,,,,,,,,1,,,0,,,,,,,,,,,,,,,,,,,,,1,,,,,,,,,,,,,,,,,,,,,,,,,,,,,,,,,,,,,,,,,,,,,
1433097508612121,100057356563301,Sonido Los Puercos del Rock,"Ubicación de Chalco, tianguis de arboledas: 

",,0,01/18/2026 10:44,N/A,https://www.facebook.com/permalink.php?story_fbid=pfbid02sUnDnu4GxwjK7g5HTspktA43an5VFWRspxo6G85x6ddaXHUNakrzbsRNzUZA3GHKl&id=100057356563301,0,0,Enlaces,,,,,Total,4384,2811,18,17,1,0,77,10,,0.01,4384,0,2811,0,0,0,0,0,0,0,0,0,0,0,0,0,0,0,0,0,0,0,0,1,1,,,,,,,,,,,,,,,,,,,,,,,,,,,,,,,,,,,,,,,,,,,,,,,,,,,,,,,,,,,,,,,,,,,,,,,,,,,,,,,,,,,,,,,,,,,,,,,,,,,,,,,,,,,,,,,,,,,,,,,,,,,,,,,,,,,,,,,,,,,,,,,,,,,,,,,,,,,,,,,,67,,,,,,,,,,,,,,,,,,,,,,,,,,,,,,,,,,,,,,,,,,,,,,,,,,,,,,,,,,,,,,,,,,,,1,1,,,,,,,,,,,,,,,,,,,,,,,,,,,,,,,,,,,,
1433212041934001,100057356563301,Sonido Los Puercos del Rock,"Chalco es Rockanrolero! 🤘🏽🎸🐷

WhatsApp Directo🐽: https://wa.me/5565275311 

#rocknroll #rock #rockandroll #SONIDEROS #lospuercosdelrock","Chalco es Rockanrolero! 🤘🏽🎸🐷

WhatsApp Directo🐽: https://wa.me/5565275311 

#rocknroll #rock #rockandroll #SONIDEROS #lospuercosdelrock",14,01/18/2026 14:59,mixed,https://www.facebook.com/reel/865020299780298/,0,0,Videos,,,,,Total,2860666,1644040,42131,38071,2491,1569,41431,41419,,140.26,2859800,0,1644913,0,1288179,0,1285771,0,0,1288179,0,0,0,0,22876308.456,233108.502,622953.281,0,14.535,8.038,16.598,0,0,206,204,23732370.239,14.466,1,1,1,1,0.96,0.89,0.84,0.81,0.77,0.74,0.72,0.71,0.68,0.66,0.63,0.61,0.59,,,,,,,,,,,,,,,,,,,,,,,,,1,1,1,1,1,1,1,1,1,1,1,1,1,1,1,1,0.99,,,,,,,,,,,,,,,,,,,,,,,,,246014,423479,50040,36374,307601,36289,84128,7228,15718,35556,26352,5002,912360,246696,16435,16819,15403,6702,13768,9824,5765,12112,3137,,632,818,2147,157,,2981,3600,471,584,166,262,421,,598,880,431,1051,1360,5049,,,,188,169,,256,,,208,372,231,,,164,192,218,399,1041,,139,,261,301,,,,,,,,,12,362,,,,,,,,,,,,,,,,,,,,,,,,,,,,145,162,,,,,,,,,0,,,,,,,,,,,,,,,,,,,,,,,,,,,,,,,,,,,,,,,,,,,,,,,,,,,,,,,,,,,,,,,,,,
1433350178586854,100057356563301,Sonido Los Puercos del Rock,"La banda rockera de Valle de Chalco. 🤘🏽🎸

Dulce Revancha / Nazareth 😎

WhatsApp Directo🐽: https://wa.me/5565275311 

#rocknroll #rock #rockandroll #SONIDEROS #lospuercosdelrock","La banda rockera de Valle de Chalco. 🤘🏽🎸

Dulce Revancha / Nazareth 😎

WhatsApp Directo🐽: https://wa.me/5565275311 

#rocknroll #rock #rockandroll #SONIDEROS #lospuercosdelrock",26,01/18/2026 19:46,N/A,https://www.facebook.com/reel/871552765589693/,0,0,Videos,,,,,Total,15820,13144,336,323,4,9,237,237,,0.52,15806,0,13144,0,6308,0,6246,0,0,6308,0,0,0,0,63032.082,579.292,41377.453,0,7.331,16.552,8.476,0,0,0,0,104988.827,7.767,0.99,0.99,0.99,0.99,0.9,0.8,0.73,0.68,0.62,0.57,0.52,0.47,0.43,0.4,0.36,0.33,0.32,0.28,0.26,0.24,0.23,0.22,0.21,0.2,0.19,0.18,0.18,0.17,0.16,,,,,,,,,,,,,1,1,1,1,1,1,1,1,1,1,1,1,1,1,1,1,1,0.95,0.87,0.81,0.77,0.74,0.71,0.67,0.65,0.63,0.61,0.58,0.55,,,,,,,,,,,,,1402,1512,667,417,901,433,388,131,89,174,83,30,5423,756,18,11,13,11,12,15,4,7,5,,,,2,,,4,2,1,,1,,,1,2,1,1,4,1,5,,,,,1,,,,,,1,,,,,,1,,1,,,,1,,,,,,,,,,,,,,,1,,,,,,,,,,,,,,,,,,,1,,,,,,,,,,,,1,,,0,,,,,,,,,,,,,,,,,,,,,,,,,,,,,,,,,,,,,,,,,,,,,,,,,,,,,,,,,,,,,,,,,,
1433390585249480,100057356563301,Sonido Los Puercos del Rock,😢,,0,01/18/2026 20:57,N/A,https://www.facebook.com/permalink.php?story_fbid=pfbid02o7rCM3p3BdGELTZ3h94KuauH5Q3m3Dy3F78Vggt3czRS4wohwZeuHdfybtpc1S4Tl&id=100057356563301,0,1,Fotos,,,,,Total,2953,1865,19,18,0,1,15,8,7,0,2953,0,1865,0,0,0,0,0,0,0,0,0,0,0,0,0,0,0,0,0,0,0,0,0,0,,,,,,,,,,,,,,,,,,,,,,,,,,,,,,,,,,,,,,,,,,,,,,,,,,,,,,,,,,,,,,,,,,,,,,,,,,,,,,,,,,,,,,,,,,,,,,,,,,,,,,,,,,,,,,,,,,,,,,,,,,,,,,,,,,,,,,,,,,,,,,,,,,,,,,,,,,,,,,,,,,,,,,,,,,,,,,,,,,,,,,,,,,,,,,,,,,,,,,,,,,,,,,,,,,,,,,,,,,,,,,,,,,,,,,,,,,,,,,,,,,,,,,,,,,,,,,,,,,,,,,,,,
1433987141856491,100057356563301,Sonido Los Puercos del Rock,🫡,,0,01/19/2026 14:44,N/A,https://www.facebook.com/permalink.php?story_fbid=pfbid0ZYt8m5jLd5BC8UnAU9EdQ9GFjG7rnBzuVXgmscPJ1aMUxmqjjz8tLNQPejwCG7fhl&id=100057356563301,0,1,Texto,,,,,Total,1803,1026,32,32,0,0,32,30,2,0,1803,0,1026,0,0,0,205,0,0,0,0,0,0,0,0,2917.938,536.34,0,0,6.067,6.31,0,0,0,0,,,,,,,,,,,,,,,,,,,,,,,,,,,,,,,,,,,,,,,,,,,,1,1,1,1,1,1,1,1,1,1,1,1,1,1,1,1,1,0.97,0.93,0.91,0.9,0.89,0.87,0.84,0.82,,,,,,,,,,,,,,,,,39,37,37,12,32,10,7,8,7,8,2,4,177,30,1,,,,1,,,,,,,,,,,,,,,,,,,,,,,,,,,,,,,,,,,,,,,,,,,,,,,,,,,,,,,,,,,,,,,,,,,,,,,,,,,,,,,,,,,,,,,,,,,,,,,,,,,,,,,,,,,,,,,,,,,,,,,,,,,,,,,,,,,,,,,,,,,,,,,,,,,,,,,,,,,,,,,,,,
1434079298513942,100057356563301,Sonido Los Puercos del Rock,¿Y qué más? ✌🏽🎸,"¿Y qué más? ✌🏽🎸

Info.🐽 https://wa.me/5565275311 

#rocknroll #rock #rockandroll #SONIDEROS #lospuercosdelrock",34,01/19/2026 18:01,N/A,https://www.facebook.com/reel/701654562885608/,0,0,Videos,,,,,Total,29211,18022,1752,1550,61,141,981,981,,0.55,29149,0,18022,0,15106,0,12616,0,0,15106,0,0,0,0,80065.732,34923.172,134798.631,0,8.562,8.255,11.372,0,0,0,0,249787.535,9.819,0.97,0.97,0.97,0.97,0.88,0.76,0.68,0.61,0.56,0.51,0.46,0.42,0.39,0.37,0.34,0.32,0.31,0.3,0.28,0.27,0.25,0.24,0.23,0.22,0.21,0.2,0.19,0.18,0.17,0.17,0.16,0.15,0.15,0.14,0.13,0.12,0.12,,,,,0.99,0.99,0.99,0.99,0.99,0.99,0.99,0.99,0.99,0.99,1,1,1,1,1,1,1,0.96,0.91,0.88,0.83,0.8,0.76,0.73,0.7,0.67,0.64,0.61,0.58,0.56,0.54,0.51,0.5,0.48,0.46,0.44,0.42,,,,,2852,3090,1838,1292,2206,1571,695,452,230,500,175,94,13314,1468,41,31,40,45,18,30,8,24,14,,,3,2,,2,5,3,1,,1,1,2,1,2,6,1,1,4,20,,,,2,1,,,,,,,,1,,,,2,2,4,,,,2,1,,,,,,,,,,,,,,,,1,,,,,,,,,,,,,,,,,,,,,,,,,,,,,1,,,0,,,,,,1,,,,,,,,,,,,,,,,,,,,,,,,,,,,,,,,,,,,,,,,,,,,,,,,,,,,,,,,,,,,
1434659538455918,100057356563301,Sonido Los Puercos del Rock,Minecraft! 🤘🏽🐷🎸,,0,01/20/2026 11:02,N/A,https://www.facebook.com/permalink.php?story_fbid=pfbid02DJSDB8mjfb6PKrTFhLe8pGZoPmbHBDg8Jmm3iwc7EQQrVWaHYdnviwxokq7A7npgl&id=100057356563301,0,1,Fotos,,,,,Total,2625,1360,97,92,5,0,64,52,12,0,2625,0,1360,0,0,0,0,0,0,0,0,0,0,0,0,0,0,0,0,0,0,0,0,0,0,,,,,,,,,,,,,,,,,,,,,,,,,,,,,,,,,,,,,,,,,,,,,,,,,,,,,,,,,,,,,,,,,,,,,,,,,,,,,,,,,,,,,,,,,,,,,,,,,,,,,,,,,,,,,,,,,,,,,,,,,,,,,,,,,,,,,,,,,,,,,,,,,,,,,,,,,,,,,,,,,,,,,,,,,,,,,,,,,,,,,,,,,,,,,,,,,,,,,,,,,,,,,,,,,,,,,,,,,,,,,,,,,,,,,,,,,,,,,,,,,,,,,,,,,,,,,,,,,,,,,,,,,
1434875335101005,100057356563301,Sonido Los Puercos del Rock,Nothing Comes Easy / Status Quo 🤘🏽🎸,"Nothing Comes Easy / Status Quo 🤘🏽🎸

WhatsApp Directo🐽: https://wa.me/5565275311 

#rocknroll #rock #rockandroll #SONIDEROS #lospuercosdelrock",56,01/20/2026 18:07,mixed,https://www.facebook.com/reel/2077328629691321/,0,0,Videos,,,,,Total,34996,28443,1776,1607,31,138,317,317,,0.6,34946,0,28443,0,18166,0,17300,0,0,18166,0,0,0,0,333927.917,21447.392,84483.344,0,15.063,11.154,13.301,0,0,3,3,439858.653,14.447,0.99,0.99,0.99,0.88,0.76,0.67,0.61,0.56,0.51,0.49,0.46,0.42,0.4,0.37,0.35,0.34,0.32,0.3,0.28,0.27,0.25,0.24,0.22,0.21,0.2,0.2,0.19,0.18,0.18,0.17,0.17,0.17,0.16,0.16,0.15,0.15,0.14,0.14,0.14,0.13,0.12,1,1,1,1,1,1,1,1,1,1,1,0.99,0.93,0.87,0.83,0.79,0.75,0.71,0.67,0.63,0.61,0.57,0.55,0.53,0.51,0.5,0.48,0.47,0.46,0.45,0.44,0.43,0.42,0.4,0.39,0.38,0.37,0.36,0.35,0.34,0.3,4547,3956,1895,1885,2006,1023,1186,282,475,342,202,134,16205,1813,14,9,12,13,5,11,9,16,7,,,3,4,3,1,2,,,1,,,1,,3,4,,,2,12,,,,,,,,1,,,,,,2,,,1,1,1,,1,,2,,,,,,,,,,,,2,,,,,2,,,,,,,,,,,,,,,,,1,,,,,,,,,,1,,,,,0,,1,,,,,,,,,,,,,,,,,,,,,,,,,,,,,,,,,,,,,,,,,,,,,,,,,,,,,,,,,,,,,,,,
1434876995100839,100057356563301,Sonido Los Puercos del Rock,"Nothing Comes Easy / Status Quo 🤘🏽🎸
Part. 3

WhatsApp Directo🐽: https://wa.me/5565275311 

#rocknroll #rock #rockandroll #SONIDEROS #lospuercosdelrock","Nothing Comes Easy / Status Quo 🤘🏽🎸
Part. 3

WhatsApp Directo🐽: https://wa.me/5565275311 

#rocknroll #rock #rockandroll #SONIDEROS #lospuercosdelrock",56,01/20/2026 18:08,mixed,https://www.facebook.com/reel/1890844031792720/,0,0,Videos,,,,,Total,14223,11837,561,524,11,26,162,162,,0.37,14203,0,11837,0,7699,0,7266,0,0,7699,0,0,0,0,118780.167,3202.051,50510.92,0,14.374,9.587,12.808,0,0,0,0,172493.138,13.753,0.99,0.99,0.99,0.87,0.75,0.66,0.6,0.54,0.49,0.46,0.43,0.4,0.37,0.34,0.33,0.31,0.29,0.27,0.25,0.24,0.22,0.21,0.18,0.18,0.17,0.16,0.16,0.15,0.15,0.14,0.14,0.14,0.13,0.13,0.12,0.12,0.12,0.11,0.11,0.1,0.09,1,1,1,1,1,1,1,1,1,1,1,0.99,0.92,0.84,0.81,0.77,0.72,0.68,0.63,0.59,0.56,0.53,0.51,0.49,0.48,0.46,0.45,0.44,0.42,0.41,0.4,0.39,0.38,0.36,0.35,0.34,0.33,0.32,0.31,0.29,0.26,1913,1837,602,647,980,409,551,132,184,162,118,52,6110,1335,33,28,28,30,17,22,11,19,7,,1,2,1,,,3,5,1,1,1,,1,1,3,3,2,3,4,14,,,,1,,,,,,,,,,,,,1,,2,,,,2,1,,,,,,,,,,,,2,,,,,,,,1,,,,1,,,,,,,,,1,,,,,,,,,,,,1,,,0,,,,,,,,,,,,,,,,,,,,,,,,,,,,,,,,,,,,,,,,,,,,,,,,,,,,,,,,,,,,,,,,,,
1434894745099064,100057356563301,Sonido Los Puercos del Rock,Andaba haciendo talacha cuando de la nada me respiraron en la oreja. 🐶,,0,01/20/2026 18:38,N/A,https://www.facebook.com/permalink.php?story_fbid=pfbid02CiUJZLgvnK5QTmjyS6A9H9C61pqtm8iacQvPAu3u1Ko9UFRWcsa5VuDDaEpb5FWGl&id=100057356563301,0,0,Fotos,,,,,Total,16606,10338,305,288,15,2,367,254,113,0.43,16606,0,10338,0,0,0,0,0,0,0,0,0,0,0,0,0,0,0,0,0,0,0,0,2,2,,,,,,,,,,,,,,,,,,,,,,,,,,,,,,,,,,,,,,,,,,,,,,,,,,,,,,,,,,,,,,,,,,,,,,,,,,,,,,,,,,,,,,,,,,,,,,,,,,,,,,,,,,,,,,,,,,,,,,,,,,,,,,,,,,,,,,,,,,,,,,,,,,,,,,,,,,,,,,,,,,,,,,,,,,,,,,,,,,,,,,,,,,,,,,,,,,,,,,,,,,,,,,,,,,,,,,,,,,,,,,,,,,,,1,1,,,,,,,,,,,,,,,,,,,,,,,,,1,1,,,,,,,,,,
1435029135085625,100057356563301,Sonido Los Puercos del Rock,🤘🏽🐷🎸,,0,01/20/2026 22:04,N/A,https://www.facebook.com/permalink.php?story_fbid=pfbid02XsgebV7kwbPgCmmFNygrvJ7mTaSjdoMjxQqL1J2QhE5iVVrQnhYTv4S1JbwcdC8ul&id=100057356563301,0,1,Texto,,,,,Total,2254,2591,105,105,0,0,184,184,,0,2254,0,2591,0,1331,0,1295,0,0,1331,0,0,0,0,0,16014.889,12057.992,0,,,,,0,0,0,,,,,,,,,,,,,,,,,,,,,,,,,,,,,,,,,,,,,,,,,,,,,,,,,,,,,,,,,,,,,,,,,,,,,,,,,,,,,,,,,,,,,242,252,193,115,185,149,46,50,29,39,6,9,1232,79,1,4,2,3,1,2,,,,,,,,,1,,1,,,,,,,,2,,,,1,,,,,1,,,,,,,,,,,,,,,,,,,,,,,,,,,,,,,,,,,,,,,,,,,,,,,,,,,,1,,,,,,,,,,,,,,,,,,,,,,,,,,,,,,,,,,,,,,,,,,,,,,,,,,,,,,,,,,,,,,,,,,,,,,,,,,,,,,,,,
1435703861684819,100057356563301,Sonido Los Puercos del Rock,De generación tras generación… 🤘🏽🎸,"De generación tras generación… 🤘🏽🎸

WhatsApp Directo🐽: https://wa.me/5565275311 

#rocknroll #rock #rockandroll #SONIDEROS #lospuercosdelrock",40,01/21/2026 17:45,N/A,https://www.facebook.com/reel/1418391466316925/,0,0,Videos,,,,,Total,6858,6186,129,115,1,13,248,247,,0,6844,0,6186,0,2379,0,2316,0,0,2379,0,0,0,0,15391.97,1592.274,14813.614,0,4.287,6.055,6.072,0,0,0,0,31797.858,5.052,0.99,0.99,0.99,0.99,0.77,0.64,0.52,0.42,0.36,0.3,0.26,0.24,0.22,0.19,0.17,0.15,0.13,0.12,0.11,0.1,0.09,0.09,0.08,0.07,0.07,0.06,0.06,0.06,0.06,0.05,0.05,0.04,0.04,0.04,0.04,0.04,0.04,0.03,0.03,0.03,0.03,1,1,1,1,1,1,1,1,1,1,1,1,1,1,1,1,0.92,0.83,0.75,0.7,0.63,0.59,0.55,0.51,0.47,0.45,0.42,0.4,0.39,0.36,0.35,0.34,0.32,0.3,0.29,0.27,0.27,0.26,0.26,0.24,0.21,530,558,235,154,319,172,151,54,51,65,46,18,1928,368,14,10,12,15,4,2,3,5,1,,,,2,,,,,1,,1,,,,,1,1,,1,3,,,,1,,,,,,1,,,,,,,,1,1,,,,2,,,,,,,,,,1,,,,,,,,,,,,,,,,,,,,,,,,,,,,,,,,,,,,1,,,0,,,,,,,,,,,,,,,,,,,,,,,,,,,,,,,,,,,,,,,,,,,,,,,,,,,,,,,,,,,,,,,,,,
1435743198347552,100057356563301,Sonido Los Puercos del Rock,"Kiuvolas 👍🏽😎🐷🎸

#puerco #pig #lospuercosdelrock #rock",,0,01/21/2026 18:08,N/A,https://www.facebook.com/photo.php?fbid=1435743198347552&set=a.199857105269507&type=3,0,0,Fotos,,,,,Total,8031,4135,356,316,28,12,149,91,58,0.1,8031,0,4135,0,0,0,0,0,0,0,0,0,0,0,0,0,0,0,0,0,0,0,,0,0,,,,,,,,,,,,,,,,,,,,,,,,,,,,,,,,,,,,,,,,,,,,,,,,,,,,,,,,,,,,,,,,,,,,,,,,,,,,,,,,,,,,,,,,,,,,,,,,,,,,,,,,,,,,,,,,,,,,,,,,,,,,,,,,,,,,,,,,,,,,,,,,,,,,,,,,,,,,,,,,,,,,,,,,,,,,,,,,,,,,,,,,,,,,,,,,,,,,,,,,,,,,,,,,,,,,,,,,,,,,,,,,,,,,,,,,,,,,,,,,,,,,,,,,,,,,,,,,,,,,,,,,,
1436399148281957,100057356563301,Sonido Los Puercos del Rock,"Aniversario de Producciones Panda 🐼 | Allá nos wachamos 🐷🎸

#eventos #rock #sonideros","Aniversario de Producciones Panda 🐼 | Allá nos wachamos 🐷🎸

#eventos #rock #sonideros",16,01/22/2026 11:38,N/A,https://www.facebook.com/reel/862627023229826/,0,0,Videos,,,,,Total,17096,12710,543,478,31,34,241,241,,0.5,17091,0,12710,0,5586,0,5388,0,0,5586,0,0,0,0,46592.962,1470.128,39215.678,0,5.671,4.496,7.196,0,0,0,0,87278.768,6.236,0.99,0.99,1,1,0.9,0.82,0.77,0.74,0.68,0.62,0.57,0.53,0.47,0.44,0.41,0.38,0.32,,,,,,,,,,,,,,,,,,,,,,,,,1,1,1,1,1,1,1,1,1,1,1,1,1,1,1,1,0.9,,,,,,,,,,,,,,,,,,,,,,,,,1518,1335,485,485,621,320,328,106,103,125,74,27,4935,583,6,10,11,8,3,7,2,6,1,,,,,,,,2,,,,,,,,,1,1,,6,,,1,,,,,,,,,,,,,,,,,,,,1,1,,,,,,,,,,,1,,,,,,,,,,,,,,,,,,,,,,,,,,,,,,,,,,,,,0,,,,,,,,,,,,,,,,,,,,,,,,,,,,,,,,,,,,,,,,,,,,,,,,,,,,,,,,,,,,,,,,,,
1436543318267540,100057356563301,Sonido Los Puercos del Rock,"Ya tienen su gorra de los Cuches? 🧢🐷🎸

#lospuercosdelrock #puercos",,0,01/22/2026 16:58,N/A,https://www.facebook.com/permalink.php?story_fbid=pfbid02r3EZwrggmBc6vcpPcB1fiokzUfb8mzk1NZ8KS9Faf4SitWTpQZDGgQLBe35BhAEol&id=100057356563301,0,0,Fotos,,,,,Total,14474,8533,259,220,27,12,375,292,83,0.35,14474,0,8533,0,0,0,0,0,0,0,0,0,0,0,0,0,0,0,0,0,0,0,0,0,0,,,,,,,,,,,,,,,,,,,,,,,,,,,,,,,,,,,,,,,,,,,,,,,,,,,,,,,,,,,,,,,,,,,,,,,,,,,,,,,,,,,,,,,,,,,,,,,,,,,,,,,,,,,,,,,,,,,,,,,,,,,,,,,,,,,,,,,,,,,,,,,,,,,,,,,,,,,,,,,,,,,,,,,,,,,,,,,,,,,,,,,,,,,,,,,,,,,,,,,,,,,,,,,,,,,,,,,,,,,,,,,,,,,,,,,,,,,,,,,,,,,,,,,,,,,,,,,,,,,,,,,,,
1436547091600496,100057356563301,Sonido Los Puercos del Rock,Por el resto de mi vida / Teddie Ericsson 👊🏽😎🎸,"Por el resto de mi vida / Teddie Ericsson 👊🏽😎🎸

Contrataciones 🐷: 55 6527 5311   

#rocknroll #rock #rockandroll #SONIDEROS #lospuercosdelrock",56,01/22/2026 17:45,mixed,https://www.facebook.com/reel/792347767211406/,0,0,Videos,,,,,Total,19406,14892,950,847,15,88,198,198,,0.27,19392,0,14892,0,7428,0,6837,0,0,7428,0,0,0,0,81858,11240.329,58888.531,0,8.249,7.769,9.511,0,0,1,1,151986.86,8.653,0.98,0.98,0.98,0.87,0.67,0.56,0.5,0.45,0.4,0.36,0.34,0.31,0.3,0.28,0.26,0.24,0.23,0.21,0.2,0.19,0.18,0.18,0.16,0.15,0.14,0.13,0.13,0.12,0.12,0.11,0.11,0.11,0.1,0.1,0.1,0.09,0.09,0.09,0.09,0.08,0.08,1,1,1,1,1,1,1,1,1,1,1,0.99,0.94,0.89,0.83,0.78,0.74,0.68,0.64,0.61,0.59,0.57,0.55,0.52,0.49,0.46,0.44,0.43,0.41,0.4,0.39,0.38,0.37,0.36,0.34,0.33,0.32,0.32,0.31,0.29,0.28,1716,1737,680,563,1093,438,424,146,109,248,99,44,6437,847,23,13,14,17,7,11,2,10,6,,,,3,,,2,1,,1,1,1,1,1,1,4,,2,2,11,,,,1,,,,,,,,,,,,,1,,1,,,,2,1,,,,,,,,,,,,2,,,,,,,,1,,,,,,,,,,,,,1,,,,,,,,,,,,,,,0,,,,,,,,,,,,,,,,,,,,,,,,,,,,,,,,,,,,,,,,,,,,,,,,,,,,,,,,,,,,,,,,,,
1437324598189412,100057356563301,Sonido Los Puercos del Rock,Organización Disco Patos | Chimalhuacán 🦆🐷🎸,"Organización Disco Patos | Chimalhuacán 🦆🐷🎸

WhatsApp Directo🐽: https://wa.me/5565275311 

#rocknroll #rock #rockandroll #SONIDEROS #lospuercosdelrock",52,01/23/2026 17:45,N/A,https://www.facebook.com/reel/877496798387474/,0,0,Videos,,,,,Total,22375,18893,922,853,14,55,320,317,,0.37,22356,0,18893,0,11006,0,10519,0,0,11006,0,0,0,0,128381.107,3266.741,74046.412,0,9.658,8.902,11.412,0,0,2,2,205694.26,10.208,0.99,0.99,0.99,0.89,0.73,0.63,0.56,0.49,0.42,0.37,0.34,0.31,0.29,0.27,0.25,0.24,0.23,0.21,0.19,0.18,0.17,0.17,0.16,0.16,0.15,0.14,0.14,0.13,0.12,0.11,0.11,0.1,0.1,0.1,0.09,0.09,0.08,0.08,0.08,0.07,0.07,1,1,1,1,1,1,1,1,1,1,1,1,0.98,0.92,0.86,0.82,0.77,0.71,0.65,0.62,0.6,0.58,0.56,0.55,0.53,0.52,0.5,0.48,0.45,0.42,0.4,0.38,0.37,0.35,0.34,0.32,0.31,0.3,0.28,0.27,0.26,2431,2520,1212,895,1553,846,555,220,196,288,134,64,9576,1195,35,26,37,29,15,13,6,22,6,,,,3,,1,3,5,2,,,,,1,1,5,2,1,4,12,,,,1,,,,,,,,,,1,,,,,3,,,,,,,,,,,,,,3,,,,,,,,,,,,,,,,,,,,,,,,,,,,,,,,,,,,,,,0,,,,,,,,,,,,,,,,,,,,,,,,,,,,,,,,,,1,,,,,,,,,,,,,,,,,,,,,,,,,,,,,,,,
1437388828182989,100057356563301,Sonido Los Puercos del Rock,"Chimalhuacán, listos y preparados! 🤘🏽🎸

Los cuches 🐷","Chimalhuacán, listos y preparados! 🤘🏽🎸

Los cuches 🐷",12,01/23/2026 19:00,N/A,https://www.facebook.com/reel/765542652659353/,0,0,Videos,,,,,Total,24594,18012,402,370,14,18,675,675,,0.67,24572,0,18012,0,8515,0,8280,0,0,8515,0,0,0,0,62679.877,3372.516,44906.848,0,5.24,5.897,6.547,0,0,2,2,110959.241,5.721,0.99,0.99,0.99,0.99,0.91,0.8,0.67,0.6,0.55,0.47,0.42,0.38,0.34,,,,,,,,,,,,,,,,,,,,,,,,,,,,,1,1,1,1,1,1,1,1,1,1,1,1,0.97,,,,,,,,,,,,,,,,,,,,,,,,,,,,,1945,2174,782,592,1303,545,432,160,93,255,95,36,7649,737,19,15,14,10,10,10,5,8,3,,,,2,,,2,8,,1,1,,,,,1,2,,3,9,,,,1,1,,,,,,,,,,,1,1,1,1,,,,,,,,,,,,,,,,,,,,,,,,,,,,,,,,,,,,,,,,,,,,,,,,,,,,,0,,,,,,,,,,,,,,,,,,,,,,,,,,,,,,,,,,,,,,,,,,,,,,,,,,,,,,,,,,,,,,,,,,