id_publicacion,tipo_retencion,intervalo,porcentaje
1430953675493171,general,0,0.99
1431759582079247,general,0,0.98
1431767895411749,general,0,0.99
1430953675493171,general,1,0.99
1431759582079247,general,1,0.99
1431767895411749,general,1,0.99
1430953675493171,general,2,0.99
1431759582079247,general,2,0.99
1431767895411749,general,2,0.99
1432509892004216,general,2,0.98
1430953675493171,15_segundos,0,1.0
1431759582079247,15_segundos,0,0.99
1431767895411749,15_segundos,0,1.0
1430953675493171,15_segundos,1,1.0
1431759582079247,15_segundos,1,0.99
1431767895411749,15_segundos,1,1.0
1430953675493171,15_segundos,2,1.0
1431759582079247,15_segundos,2,0.99
1431767895411749,15_segundos,2,1.0